Stop_id,Stop Name,Lat,Lng
0,CEMENTRY(MANDAVELI),13.0299,80.26191
3,A.M.S.Hospital,13.01647,80.25963
5,RoyapettaHospital,13.05377,80.26564
9,SrinivasaTheater,13.031,80.22432
12,SAIDAPET,13.021571,80.226036
14,SAIDAPET_WEST,13.02496,80.21951
18,Cipet,13.01384,80.20436
19,BharathElectronics,13.01645,80.19002
20,Ramapuram,13.02112,80.18346
21,A.G.SOfficeColony,12.98298,80.21022
26,I.R.T.Rd.Jn.,12.98156,80.23976
30,MadipakkamB.S,12.96575,80.20187
31,A.V.Construction,12.96475,80.2117
33,Hasthinapuram,12.94024,80.15067
40,CowlBazaar,12.98871,80.14213
41,Pozhichalur,12.98984,80.14183
45,Pazhanthandalam,12.95856,80.07892
46,Noothancheri,12.90084,80.16852
47,MahalakshmiNagar,12.92292,80.14775
48,VeerabadraNagar,12.90519,80.18824
49,NanmabgalamRd.Jn.,12.91711,80.192
50,PerumbakkamLimit,12.90745,80.20088
51,SozhinganallurP.U.Office,12.90117,80.22569
52,BesantNagar,13.00033,80.26676
53,AdayarDepot,12.99832,80.25612
54,Thiruvanmiyur,12.98688,80.2589
56,Palavakkam,12.9568,80.25487
57,Kottivakkam,12.97027,80.25805
58,Vettuvankanni,12.93781,80.25247
59,MOOTAKARAN_CHAVADI,12.92995,80.23109
60,Injambakkam,12.91698,80.25092
61,UthandiVillage,12.87607,80.24311
62,Kovalam,12.78667,80.24991
63,ChemmancheryS.C.B.,12.8759,80.20826
64,Navalur,12.84525,80.22648
65,PallavanNagar,12.91539,80.19436
66,KovilamcherryVillage,12.88226,80.17101
67,Chitlapakkam,12.88725,80.18423
68,Keerapakkam,12.82791,80.16533
69,VengambakkamVillage,12.86852,80.13053
70,Kolapakkam,12.87088,80.10544
72,Manivakkam,12.89548,80.06166
74,VandaloorZoo,12.87933,80.08046
75,VazhuthalambeduRd.Jn,12.96776,80.10226
80,ManapakkamVillage,13.01208,80.16666
81,Kuthambakkam,13.05682,80.03222
82,Andersonpet,13.07814,80.0251
92,AnnaPoornaHotel/DamsRd,13.06844,80.26963
94,LadyMctmSchool/Millers,13.08466,80.24985
95,Naduvankarai,13.07705,80.21067
96,Arumbakkam,13.07638,80.20273
98,AnnaNagarCircle,13.08466,80.21779
102,Sayani/Aynavaram,13.09683,80.24182
105,Shivashanmugapuram,13.09476,80.25107
109,Regal,13.09277,80.27513
113,V.Nagar,13.10556,80.27989
116,MogapairWest,13.08282,80.17033
119,AthipetI.C.F.Colony,13.09302,80.14621
120,KoladiSchool,13.08658,80.13256
121,Ayanambakkam,13.07304,80.1529
123,Kolappanchery,13.07923,80.07265
124,Thandarai,13.11208,80.06235
125,VeppumpattuPuliyamaram,13.12654,80.01278
126,Veppampattu,13.12521,79.99892
128,Kosapalayam,13.09419,80.02055
130,Pattabiram,13.12103,80.06475
131,Madanakuppam,13.13532,80.19103
132,Kallikuppam,13.13231,80.17299
135,T.V.K.Nagar,13.12119,80.23255
137,SarmaNagar,13.12153,80.25298
141,TheagarayaCollege,13.11662,80.28379
148,KorukkupetR.S,13.11856,80.27804
154,Thangal,13.14573,80.29731
155,I.O.html,13.14104,80.28246
156,CoronationNagar,13.13235,80.27987
157,AshokLayland,13.20797,80.31609
158,Ennore,13.21805,80.3201
159,PammadukulamColony,13.19382,80.17333
162,ValliyurSchool,13.21697,80.00493
163,Kasanoor,13.20352,80.02939
164,Padiyanallur,13.20736,80.1729
165,Semilivaram,13.22457,80.16638
166,Vichoor,13.21808,80.24624
167,AmmanKulam,13.20636,80.25006
172,Secretariat,13.07965,80.28791
174,Doveton,13.08704,80.25886
181,Corpn.PlayGround,13.05203,80.25787
191,U.S.I.S.,13.05055,80.25221
192,D.M.S,13.04727,80.24968
196,Gemini%20P.html,13.05229,80.25123
198,F.C.IOld,13.03791,80.25668
201,C.I.T._COLONY,13.04153,80.25868
214,AdayarO.T.,13.00644,80.25751
216,AvvaiHome,13.0074,80.25976
220,Y.M.I.A,13.04454,80.26744
225,MaternityHospital,13.0707,80.25813
227,MinjurB.D.O,13.27687,80.25959
228,Pollachiammankulam,13.40231,80.2771
230,Pazhaverkadu,13.41817,80.31487
234,Pattamandiri,13.26267,80.27384
236,Kondakkarai,13.24228,80.27384
237,Gnayaru,13.26125,80.21419
238,Pudukuppam,13.27504,80.19857
239,ArumandaiRd.Jn.,13.22833,80.21779
240,Perungavoor,13.21747,80.21921
241,Pallavaram,12.96809,80.14887
244,LATTICE_BRIDGE,12.98198,80.25272
255,Kosappur,13.18371,80.23438
256,Ariyalur,13.19098,80.25152
257,Velangadupakkam,13.19675,80.2211
258,Napalayam,13.22123,80.27264
261,SathiyamoorthyNagar,13.17845,80.29633
264,TNagar,13.03495,80.23051
272,AvadiMosque,13.11576,80.10484
274,2NdWaterTankOnSecond,13.09896,80.13239
275,H.V.F.MainGate,13.14205,80.08767
276,VengalCrossRoad,13.16661,80.09841
277,AvadiCircle,13.11977,80.10269
278,Morai,13.17715,80.07653
279,KadhavoorRd.Jn.,13.18622,80.05892
280,Thirunindravoor,13.12446,80.03143
281,KesavaCrossRoad,13.18028,80.02922
282,Veerapuram,13.18605,80.08368
283,Polytechnic,13.12596,80.119
284,GuruvoyalKaranibattai,13.21354,80.06355
285,Kavaraipalayam,13.11935,80.07986
288,Ambathur,13.12165,80.14861
289,OragadamO.T.,13.12429,80.15093
291,AmbOt,13.11969,80.15003
293,Vengatapuram,13.11864,80.15754
295,Menambedu,13.12592,80.16831
296,Pudur,13.13039,80.15857
297,SenthilNagar,13.1204,80.14007
298,Surapedu,13.1446,80.18818
299,Vinayagapuram,13.13896,80.20659
300,ScrewFactory,13.15894,80.19699
301,Kolathur/NehruRdJn,13.13003,80.2141
302,CycleShop,13.15504,80.20577
303,Korattur,13.1125,80.18354
305,LucasTvs,13.10188,80.19299
307,ElangoNagarOfficerColo,13.09106,80.185
308,MogapairEast,13.08008,80.1802
309,CollectorNagar,13.08771,80.19015
310,Nerkundram,13.07162,80.18569
311,GoldenFlat,13.08901,80.17084
313,AmbathurEstate,13.09971,80.1699
317,JN.OF_CENTRAL_AVENUE,13.09794,80.17663
319,AyyappaNagar,13.09779,80.14054
320,VilinjambakkamAmmanKoil,13.11605,80.09647
323,Dunlop,13.10531,80.15222
324,Senneerkuppam,13.06853,80.11239
325,Thiruverkadu,13.06906,80.1242
327,KonimeduRd.Jn.,13.08838,80.12303
328,AthipetJn,13.08901,80.16174
336,VinayagarKoil,13.10113,80.16329
337,Karakku,13.11764,80.16934
338,Thirumullaivoayl,13.13076,80.13306
339,VellalaStreet,13.10329,80.18629
340,Arikambedu,13.16273,80.12999
342,AlamadhiOld,13.20101,80.14389
343,Alamadhi,13.20602,80.1166
345,RedHills,13.1914,80.18552
346,Kummanur,13.21856,80.19539
347,Budur,13.23878,80.19479
348,Vazhuthunaimedu,13.26359,80.22972
349,Periamullaivoyal,13.2478,80.23075
350,KaranodaiSchool,13.24713,80.15737
351,Seemavaram,13.26075,80.25217
352,SholavaramP.S.,13.24103,80.16028
353,Sothupermedu,13.25415,80.17127
354,Echankuzhi,13.20322,80.27006
355,Vadaperumbakkam,13.17494,80.21547
358,Chettimedu,13.18563,80.222
359,Kavangarai,13.16959,80.19959
360,AayurvedaAshramam,13.18212,80.1929
363,Andakuppam,13.19197,80.26953
364,ThiruvetriyurB.S,13.17224,80.30546
365,Royapuram,13.1213,80.29354
366,RoyapuramP.S,13.10893,80.29177
368,ThambuchettySt,13.10275,80.29059
371,Jn.OfPonneriRd,13.17769,80.27023
372,I.C.I.,13.19055,80.3136
373,ManaliRdJn.,13.1614,80.26886
375,KodungaiyurParvathinagar,13.14568,80.25049
376,Sidco,13.13097,80.25135
377,KaviarasuKannadasanNaga,13.13649,80.25581
381,Manali,13.17076,80.25667
382,T.V.TRlyGate,13.15559,80.29199
384,MadahvaramVillage,13.14853,80.23006
385,Madhavaram,13.13766,80.22955
386,MadhavaramMillkColony,13.15187,80.24208
387,KodungaiyurO.T.,13.13858,80.24345
388,MadhavaramPostBox,13.14284,80.23624
392,Moolakadai,13.1293,80.24131
393,S.R.P.Colony,13.12169,80.22371
400,WATERPIPE_THANTHANKUPPAM,13.12061,80.19899
401,Poombuhar,13.12394,80.21225
402,SRINIVASA_NAGAR,13.11863,80.20646
403,SidcoNagar,13.10876,80.20552
405,PeriyarNagar,13.11434,80.22371
409,G.K.M.Colony,13.11024,80.22277
410,Veenus,13.114,80.23504
415,NathamuniTalkies,13.10347,80.20294
418,KamabarArangam,13.09883,80.22294
424,SlumClearanceBoard,13.12299,80.27746
425,EzhilNagar,13.13333,80.26275
427,M.K.B.NagarEast,13.12295,80.2656
428,M.K.B.Nagar,13.12312,80.25916
431,GaneshPuram,13.10957,80.2595
432,Vyasarpadi,13.11426,80.26345
434,PeramburMarket,13.11423,80.25276
437,PeramburB.S,13.10857,80.24792
439,Jamalaya,13.10456,80.2529
443,P1.PoliceStation,13.09873,80.25976
444,Dasamahan,13.09804,80.25118
445,P1P.S,13.1,80.26006
450,ChoolaiMill,13.09412,80.268
452,CHOOLAI_P.O.,13.09235,80.2692
453,SathumaNagar,13.14973,80.29916
455,Tollgate,13.14178,80.29581
456,EllaiammanKoil,13.15789,80.30156
457,N4PoliceStation,13.13448,80.29736
458,Tondaiayrpet,13.12623,80.2904
462,UnivercityClub,13.09469,80.28603
469,BusBay-17ThKm,13.14401,80.22097
471,CliveBattery,13.10159,80.29435
472,HighCourt,13.0855,80.28448
475,BROADWAY,13.08842,80.28148
476,T.N.C.F,13.08138,80.27818
477,Parrys,13.08888,80.2904
480,CENTRAL,13.08186,80.27628
486,EgmoreNorthR.S.,13.07946,80.25981
487,Kelleys,13.08226,80.24363
490,K.M.html,13.07781,80.24277
492,Thirumangalam,13.08541,80.19848
495,AnnaNagarWest,13.09712,80.19839
497,IcfAnnexe,13.09461,80.22354
502,KilpaukGarden,13.08374,80.23358
504,I.C.F,13.09657,80.21908
507,TaylorsRoad,13.07676,80.23813
512,KoyambeduRohiniTheater,13.07511,80.19509
513,Jn.OfR.GardenPevrH.,13.07427,80.21592
520,CENTRAL,13.08136,80.27547
524,AnnaSquare,13.06426,80.28337
525,PeriyarBridge,13.07163,80.27442
527,P.O.R._SONS,13.07061,80.2739
529,Egmore,13.07751,80.26139
534,M.M.D.A.Colony,13.06476,80.21135
538,M.M.D.A.ColonyRd.Jn.,13.06385,80.21178
540,Dasaprakash,13.07889,80.25032
542,T.B.Institute,13.07225,80.25187
547,HotelArun,13.07304,80.22079
554,Aminijikarai,13.07398,80.22472
558,PostalAuditOffice,13.06359,80.26139
559,D.P.I,13.06754,80.25202
569,TriplicaneO.T(Corpn.Sc,13.05923,80.2715
571,V.HouseP.S,13.05242,80.27409
576,T.V.S,13.05963,80.25961
578,WESLEY_H.S.,13.05923,80.26554
582,Chepauk,13.05757,80.28191
585,V.House,13.05038,80.28053
586,V.HouseTerminus,13.05072,80.27925
599,SANTHOME_P.O.,13.03322,80.27783
600,Q.M.html,13.04336,80.27916
601,Luz,13.03692,80.26757
602,MYLAPORE,13.03232,80.26714
611,UthamarGandhisalai(Corp,13.06384,80.24337
612,PushpaNagar,13.05851,80.24071
613,NungambakkamR.S,13.06552,80.23401
614,SterlingRoad,13.06501,80.23993
615,VeterinaryHospital,13.05251,80.24144
617,Mahalingapuram,13.05801,80.23506
620,Trustpuram,13.05339,80.22294
621,BharathiNagar(PeriyarPa,13.05419,80.22886
626,SunTheater,13.04784,80.24543
628,R020,13.04666,80.23273
632,FiveLamps,13.0466,80.22629
633,AnjugamSchool,13.04198,80.22543
636,PicturePost,13.05155,80.22165
638,PudurHighSchool,13.04241,80.21654
639,Vidyodaya,13.05139,80.24062
640,VadapalaniB.S,13.04934,80.20856
641,C.M.B.T.,13.06932,80.20583
642,Dasarathapuram,13.05726,80.20419
643,Saligraman,13.05312,80.19721
645,Virugambakkam,13.04666,80.19234
648,Mandaveli,13.02668,80.26572
649,ADYAR_GATE,13.02927,80.24775
651,PondyBazaar,13.04026,80.24028
655,KrishnanTemple/PondyBaz,13.04035,80.23992
659,TelegraphOffice,13.04274,80.23607
663,S.H.B,13.03021,80.24075
666,SouthBoagS.EastBoag,13.035,80.24191
668,JnOfIiiAnd1StAve,13.0419,80.21232
675,Govt.GirlsH.Sc,13.03138,80.216
678,KalaignarNagar,13.03585,80.20465
680,JaffarkhanPet,13.02874,80.2086
681,AlwarThirunagar,13.03989,80.18603
682,KalaignarNagarWest,13.0444,80.19389
685,AngalammanKoil,13.03182,80.18337
686,Ramapuram(L.N.PKoil),13.03327,80.17479
692,Maduravoyal,13.0615,80.1644
698,Melpakkam,13.08633,80.1087
699,Govardanagiri,13.10038,80.10836
700,Mettupalayam,13.08088,80.09572
701,Padurmedu,13.04729,80.0257
703,IndiraNagarWaterTank,12.99507,80.25277
704,IndiraNagar,12.99235,80.25607
707,Panaiyur,12.89966,80.2474
709,WOMEN_POLYTECHNIC,12.99889,80.24861
713,Kotturpuram,13.01995,80.24105
720,KANDAN_CHAVADI,12.96082,80.24534
728,GurunanakCollege,12.98758,80.22303
731,ENGG_COLLEGE,13.00857,80.23144
732,SAIDAPET_COURT,13.01551,80.2256
733,Jn.OfRaceCourseRd,13.00661,80.22054
739,VelacheryHospital,12.97869,80.22148
741,VelacheryVijayaNagar,12.97554,80.22058
743,CONCORDE,13.01228,80.22159
747,GuindyR.S,13.00713,80.20891
752,SecretariatColony,12.99446,80.20655
753,ButtRoad,13.00757,80.19608
757,StThomasMountPo,13.00177,80.20009
759,Vanuvambedu,12.98557,80.19736
760,PadavattammanSchool,12.99527,80.20114
761,AdambakkamP.S,12.98942,80.20204
763,HinduVidyalaya,12.98511,80.20504
764,PonniammanKoilRd.Jn.,12.96475,80.19615
767,Jn.Of.PalavanthangalGst,12.9941,80.18565
768,MENAMABAKKAM_OLD_AIRPORT,12.9899,80.17953
770,ChidambaramStores,12.98106,80.18809
774,Nanganallur,12.98047,80.18286
776,PuzhithivakkamB.S,12.9747,80.20346
777,Moovarasanpet,12.96991,80.18638
782,ThirusoolamNationalAirp,12.98043,80.16495
784,MadipakkamRd.Jn.,12.96605,80.18866
786,Velappanchavadi,13.0615,80.13814
790,Kumunanchavadi,13.04479,80.11634
792,Vaanagaram,13.06134,80.15153
793,VaradarajaPuram,13.04704,80.07943
794,Meppur,13.02931,80.08338
795,PORUR,13.03475,80.15616
796,RamachandraMedl.College,13.03672,80.14249
797,AyyappanThangal,13.03901,80.13376
799,Poonamallee,13.04931,80.10443
802,Thirumalisai,13.05373,80.0633
803,KattuKootRoad,13.01551,79.92774
804,Mogalivakkam,13.03015,80.16767
806,ManapakkamP.U.O,13.01659,80.17713
807,Moulivakkam,13.01986,80.14312
809,MuruganKoil/Girugambak,13.01074,80.14057
812,Periyapanicheri,13.01419,80.13434
815,Paraniputhur,13.02112,80.12492
816,Mangadu,13.0273,80.1105
817,Koovoor,13.01026,80.11831
818,Kollaicheri,13.00924,80.10115
820,Valasaravakkam,13.04139,80.17432
823,PudupeirCootRoad,12.976,80.0498
824,AmarambeduChatram,12.96826,80.02351
825,KundrathurB.S,12.99803,80.09651
826,Anakaputhur,12.98348,80.12655
827,Kamarajapuram,12.97052,80.12115
829,Nagalkeni,12.95939,80.13033
831,SriSankaraHealthCentre,12.96617,80.1269
832,Pammal,12.97495,80.13411
834,Kilkattalai,12.95409,80.18601
840,Narayanapuram,12.93898,80.20526
842,KumaranKundram,12.94229,80.1417
843,Vellaikal,12.93413,80.18183
844,ChitlapakkamB.S,12.93612,80.14741
848,NationalHighSchool,12.93561,80.13057
849,T.B.Sanatorium,12.93831,80.12896
850,BharathaMathaSt,12.92819,80.12698
852,Chrompet,12.95253,80.13994
856,Thiruneermalai,12.9645,80.11634
858,Kadaperi,12.93256,80.12375
860,Tambaram,12.92518,80.11552
865,Naduveerapattu,12.942,80.04948
869,AmarambeduRoad,12.94952,80.03669
870,AmarambeduVillage,12.95831,80.02017
872,Kannadapalayam,12.93639,80.10046
873,TambaramTownLimit,12.92552,80.1008
879,TambaramEast,12.92351,80.11788
883,Perungalathur(Old),12.91974,80.08707
885,Irumbuliyur,12.91774,80.10904
888,PushpagiriRd.Jn.,12.92183,80.01952
889,MullaiNagar,12.91598,80.06527
890,Vandaloor,12.89297,80.08647
891,Padappai,12.88578,80.01549
892,Guduvanchery,12.84185,80.0578
893,Perungulathur,12.90494,80.09548
894,S.I.V.E.html,12.92135,80.16673
895,Jn.OfMambakkamO.Bakka,12.89392,80.18023
904,Convent,12.92309,80.12621
905,MeppaduHospital,12.89121,80.14071
906,SriRamEngg.College,13.113,79.99343
907,Athur,13.25064,80.14166
908,Manchankaranai,13.27127,80.10666
909,Malrosapuram,12.83846,80.15571
910,PrithiyangaraDeviTemple,12.89988,80.23501
913,KamarajNagar,13.10702,80.09441
915,ForeShoreEstate,13.02421,80.27384
919,THORAPAKKAM,12.951034,80.241265
920,Nallur,13.28339,80.24405
927,Q.MArts(Men),12.92041,80.18337
1505,TARAMANI,12.986035,80.241066
1506,MADHYAKAILASH,13.006626,80.246391
1507,BROADWAY,13.088127,80.283756
1508,KOTTURPURAM,13.00762,80.24026
1509,C.I.T._COLONY,13.041421,80.258707
1510,BROADWAY,13.08664,80.28385
1511,BROADWAY,13.088305,80.282935
1512,KASTHURBAI_NAGAR,13.006164,80.247433
1513,KARAPAKKAM,12.913505,80.229147
1514,SEMMANCHERY,12.86976,80.22669
1515,PALAVASTIC_CHEMICALS,12.816585,80.22968
1516,HEC,12.803026,80.223672
1517,KELAMBAKKAM,12.786676,80.220558
2000,JAMUNA,12.98665,80.23866
2001,MAIN_GATE,13.00539,80.24188
2002,GAJENDRA_CIRCLE,12.99188,80.233718
2003,CAUVERY,12.986577,80.233278
2005,AGS,12.849816,80.226491
2006,Coffee Day,12.86022,80.2264
2007,SIPCOT,12.830205,80.229705
2008,TIDEL_PARK,12.98948,80.250859
2009,FISH_MARKET,12.893227,80.227376
2010,Odai,12.887946,80.227263
2011,Shozinganallaur,12.901785,80.227848
2094,KELAMBAKKAM,12.786305,80.221926
2099,Taramsg,12.457,79.4363
3003,Jayanthi Signal_Cutservice stop from Kelambakkam,12.987671,80.255752
3002,Gandhinagar_Cutservice stop Towards Adyar,13.006802,80.248402
3001,Sipcot IT Park_Cutservice stop,12.827929,80.219267
9999,Aaaalayam,971.11111,89
200034,Test stop,13.11863,80.20646
3100,Broadway,13.087596,80.283738
3101,Pondy Bazaar,13.040338,80.239431
3102,ESI Hospital,13.035214,80.208738
3103,Amutham,13.039797,80.193195
3104,DMS,13.047059,80.248352
3105,Park Town/Rippon Building,13.081297,80.273259
3106,Aynavaram Depot,13.09844,80.242292
3107,Dasaprakash,13.080876,80.25485
3108,Egmore Railway Station,13.077801,80.261976
3109,Ramachandra Hospital/SRMC,13.036559,80.142928
3110,Nandanam/YMCA,13.029063,80.23681
3111,Ramapuram,13.020983,80.183925
3112,Butt Road,13.008635,80.197825
3113,Guindy,13.00858,80.202424
3114,Guindy Railway Station/Guindy Air Scotts,13.009251,80.210712
3115,Saidapet/Bali Towers,13.018918,80.224303
3116,Thousand Lights/Church Park,13.056747,80.256667
3117,Kumananchavadi,13.044864,80.116036
3118,Kattupakkam,13.040646,80.128795
3119,Ranimeyammai,13.022757,80.263839
3120,Ranimeyammai,13.022914,80.263678
3121,Mandhaveli Bus Stand/CID Quarters,13.026527,80.263842
3122,Mandaveli Market/Post Office,13.02935,80.265687
3123,Mylapore Tank,13.03374,80.267835
3124,Queen_Marys_College,13.043319,80.277513
3125,Baby Hospital,13.075473,80.258785
3126,Dasaprakash,13.079687,80.254505
3127,Kambar Arangam,13.099025,80.219808
3128,Vanavil,13.040588,80.247036
3129,Iyyappan Koil/Amman Koil,13.039296,80.196936
3130,Ajantha,13.037271,80.195971
3131,Ajantha,13.037075,80.196431
3132,Amman Koil/Ayyapan Koil,13.04148,80.196607
3133,Anna Square/Madras University,13.065934,80.284035
3134,Parrys_Corner,13.088863,80.289717
3135,Pattinambakkam,13.026128,80.275338
3136,Adyar Malar Hospital,13.008488,80.258931
3137,Pattinambakkam_Arch,13.02531,80.274815
3138,Military Quarters,13.032125,80.242102
3139,Guindy/MKN Road,13.007289,80.209773
3140,Butt Road Kalyana Mandapam,13.010992,80.195515
3141,Mugalivakkam,13.029007,80.169151
3142,DLF/L&T,13.023807,80.17892
3143,I.C.F/I.C.F Quarters,13.100355,80.21509
3144,Dinathanthi/Commisioner Office,13.080424,80.263082
3145,Tambaram Mepz/Sanatorium,12.936701,80.127436
3146,Pallavaram Depot/Bus Stand,12.968621,80.149611
3147,Kasi Theatre,13.031519,80.209178
3148,Vadapalani,13.04839,80.211944
3149,CMBT,13.06878,80.20517
3150,Kasi Theatre,13.030218,80.209149
3151,Asarkana/Kathipara/Guindy Circle,13.003671,80.201072
3152,Chrompet,12.951758,80.140693
3153,Tambaram Mepz/Sanatorium,12.937008,80.128093
3154,Nathamuni ,13.103379,80.201712
3155,Albert Theatre,13.076343,80.264107
3156,Vijaykanth Chathiram,13.074195,80.200131
3157,Egmore Court/Commissioner Office,13.07289,80.261893
3158,Mental Hospital,13.090511,80.240799
3159,Commissioner Office,13.073685,80.261715
3160,Pudupet,13.071619,80.264633
3161,Motcham Theatre,13.08467,80.250119
3162,PTC Quarters/Mutakaranchavadi,12.934265,80.233206
3163,Chettinad Hospital,12.796304,80.222929
3164,Kazhipattur,12.819577,80.230362
3165,Navallur,12.844897,80.226492
3166,Semmenchery Alamaram,12.860492,80.226449
3167,Karapakkam,12.913505,80.229147
3168,PTC Quarters/Mutakaranchavadi,12.932945,80.232379
3169,Ambedkar College,13.118267,80.259182
3170,Puzhal Central Jail,13.164228,80.202287
3171,Sharma Nagar,13.120331,80.254626
3172,Madhavaram Depot,13.13195,80.237081
3173,Kanagachathiram,13.136228,80.231255
3174,Cycle Shop,13.153196,80.208167
3175,Kavankarai,13.170475,80.199187
3176,Red Hills Market,13.189566,80.187484
3177,Kavangarai,13.170355,80.199438
3178,Madhavaram Bypass,13.144035,80.220947
3179,Kanagachathiram,13.136702,80.230914
3180,Madhavaram Depot,13.132144,80.237124
3181,Moolakadai,13.128974,80.241594
3182,Sharma Nagar,13.120373,80.254826
3183,Doveton,13.0881,80.262047
3184,Doveton,13.086122,80.261682
3185,Adyar Bus Depot,12.996908,80.256731
3186,Chinnamalai/Little Mount/Saidapet Court,13.01538,80.224976
3187,Podi Kadai,13.097426,80.248148
3188,Otteri,13.097842,80.252587
3189,Pattalam,13.097346,80.258067
3190,Dashamakan,13.097547,80.254655
3191,Otteri,13.097735,80.252241
3192,Podi Kadai,13.097309,80.248186
3193,Aynavaram ESI,13.097333,80.242389
3194,Sayani,13.097751,80.238714
3195,Noor Hotel,13.098416,80.234901
3196,Railway Quarters,13.099781,80.225135
3197,TVS Lucas,13.101167,80.190176
3198,Railway Quarters,13.100081,80.226314
3199,Thirumangalam,13.087055,80.197986
3200,Collector Nagar/MM Hospital,13.087805,80.189885
3201,Tambaram Depot,12.926966,80.11798
3202,Tirusulam/Airport,12.980011,80.162639
3203,Adayar Bus Depot,12.998459,80.256085
3204,Park/Corporation Building/Central,13.08119,80.271156
3205,Indra Nagar Water Tank,12.995249,80.252874
3206,Velankanni Koil/Besant Nagar Church,12.996111,80.267669
3207,MRC_Nagar,13.021257,80.270174
3208,Kannagi_Statue,13.056277,80.281705
3209,Secretariat,13.080693,80.288209
3210,Secretariat,13.080652,80.288443
3211,Kannagi_Statue,13.056789,80.281919
3212,Queen_Marys_College,13.045713,80.280214
3213,MRC_Nagar,13.020857,80.269941
3214,Velankanni Koil/Besant Nagar Church,12.995614,80.267438
3215,Shanthi Theater,13.067212,80.270482
3216,Velachery Terminus,12.976218,80.221504
3217,V_House,13.050348,80.280808
3218,AMS Hospital/Satya Studio/Janaki College,13.016078,80.259762
3219,Check Post,12.9975,80.216574
3220,Keelkatalai ,12.955813,80.186972
3221,Srinivasa Nagar,12.964632,80.211211
3222,Check Post,12.997567,80.216417
3223,AMS Hospital/Satya Studio/Janaki College,13.016284,80.259574
3224,Jayanthi Theatre,12.988712,80.255806
3225,Thiruvanmiyur Depot,12.987434,80.259164
3226,Jayanthi Theatre,12.988511,80.256028
3227,Sayani,13.097726,80.24038
3228,Dashamakan,13.097621,80.255944
3229,Veterinary Hospital,13.085226,80.265727
3230,Bhuvaneswari,13.09042,80.258598
3231,Otteri TB Hospital,13.096818,80.245787
3232,SIDCO Bus Stop,13.103105,80.199343
3233,Padi Edatheru,13.100094,80.186512
3234,UCO Bank,13.103606,80.186248
3235,Joint Office,13.099615,80.230442
3236,Noor Hotel,13.098456,80.235275
3237,Bhuvaneswari/Vasanthi,13.090623,80.258745
3238,Government Hospital/Nurse Quarters,13.082233,80.279143
3239,Ambal Nagar/Ekkaduthangal,13.019151,80.20638
3240,Tharamani,12.981417,80.242552
3241,SRP Tools,12.980148,80.252121
3242,WPT/Indira Nagar,12.997355,80.249087
3243,SRP Tools,12.980199,80.251244
3244,Tharamani Pillaiyar Koil/Periyar Nagar,12.981187,80.238875
3245,Srinivasa Nagar,12.964499,80.211254
3246,Sadasivam Nagar,12.965466,80.204747
3247,Ponniamman Koil,12.964744,80.196872
3248,Iyyappan Koil,12.965314,80.191575
3249,Ganesh Nagar,12.960853,80.187253
3250,Keelkatalai,12.95612,80.186839
3251,Balaiya Garden,12.965411,80.201139
3252,Jayanthi Theatre Signal,12.987716,80.254829
3253,Tidel Park Railway Station,12.987821,80.251712
3254,Okkiyampettai,12.925832,80.231046
3255,Sembakkam,12.923098,80.16062
3256,Kamarajapuram,12.923372,80.154973
3257,Camp Road,12.922392,80.141458
3258,Christ King/Convent,12.922758,80.130343
3259,Christ King/Convent,12.92287,80.131053
3260,Camp Road,12.922588,80.14359
3261,Kamarajapuram,12.923466,80.1546
3262,Santhoshapuram,12.919968,80.170959
3263,TCS Karapakkam ,12.919783,80.230015
3264,TVS/Spencers,13.059521,80.259737
3265,Saidapet,13.021907,80.226027
3266,Udhayam Theatre,13.032637,80.211897
3267,Padma Sheshadri School,13.038956,80.198653
3268,Tata Udipi/Amman Kovil,13.036921,80.198309
3269,Pondicherry Guest House,13.041874,80.193628
3270,Padma Sheshadri School,13.041046,80.199281
3271,Central Jail/Puzhal Camp,13.158144,80.203702
3272,Red Hills,13.192835,80.18392
3273,Puzhal Central Jail,13.164051,80.202629
3274,Central Jail/Puzhal Camp,13.158343,80.203894
3275,V_House,13.049175,80.280493
3276,Parrys_Corner,13.088601,80.289459
3277,M.M.D.A,13.064892,80.21145
3278,Chrompet Depot,12.951091,80.139741
3279,Ambal Nagar/Ekkaduthangal,13.018548,80.20585
3280,Adyar Depot,12.997539,80.256778
3281,Kandanchavadi,12.965317,80.247539
3282,TCS Karapakkam,12.919631,80.230181
3283,Kumaran Nagar,12.877097,80.226788
3284,Semmenchery U.S,12.879292,80.211006
3285,Ponniamman Koil,12.885128,80.226572
3286,Mettukuppam,12.939086,80.235267
3287,Jain College,12.946467,80.239581
3288,Perungudi,12.958922,80.2444
3289,Kandanchavadi,12.966898,80.247926
3290,Adyar Depot,12.997669,80.25585
3291,Adyar Bus Depot,12.998986,80.255972
3292,T. Nagar Bus Terminus,13.03376,80.230514
3293,C.I.T Nagar,13.030023,80.230828
3294,Anna University/Gandhi Mandabam,13.008251,80.2334
3295,Thiruvanmiyur Terminus,12.987261,80.259121
3296,Bharathi Nagar,12.98165,80.233502
3297,Tansi Nagar,12.978672,80.225207
3298,Ram Nagar,12.965333,80.207
3299,Balaiya Garden,12.9655,80.200333
3300,Iyyappan Koil,12.965419,80.19146
3301,Ponniamman Koil,12.964833,80.197
3302,Ram Nagar,12.965167,80.207
3303,Kaiveli,12.964099,80.216072
3304,Velachery,12.974667,80.2205
3305,Tansi Nagar,12.978,80.224667
3306,Tharamani,12.981226,80.242535
3307,Saidapet,13.024167,80.228333
3308,Guindy Race Course/Railway Station Bus Stop,13.007883,80.213017
3309,Guindy/MKN Road,13.007333,80.209833
3310,Nandhambakkam/Trade Centre,13.016321,80.189709
3311,Iyyappanthangal Depot,13.038,80.135167
3312,Retteri/Chettiyar Agaram,13.036159,80.146269
3313,Perungudi,12.959618,80.244968
3314,Mettukuppam,12.939264,80.235579
3315,Kannagi Nagar,12.93129,80.2386
3316,Kannagi Nagar Depot,12.925525,80.238184
3317,Thuraipakkam Tea Stall/Shivaram,12.951034,80.241265
3318,Gandhi Mandapam/Anna University,13.007388,80.236858
3319,TVS/HDFC,13.059252,80.259749
3320,Thousand Lights/Church Park,13.054142,80.253604
3321,Yellow Pages/Radha Krishnan Street/YMCA,13.04448,80.268625
3322,Ramapuram,13.02062,80.18432
3323,Moon Light,13.025214,80.175874
3324,Sakthi nagar,13.032325,80.163137
3325,Gopala Krishna Theatre,13.03387,80.16034
3326,Kattupakkam,13.041097,80.12713
3327,Vannankulam,13.04302,80.12271
3328,Kumunanchavadi,13.04395,80.11542
3329,Gangai Amman Koil,13.03807,80.1132
3330,Mangadu,13.03508,80.11209
3331,Kamatchi Amman Koil,13.03094,80.11126
3332,Pattu Koot Road/X Road,13.027108,80.110871
3333,Cement Road,13.02531,80.11472
3334,Cement Road,13.02527,80.115
3335,Aalamaram,13.0255,80.11327
3336,Gangai Amman Koil,13.03797,80.11294
3337,Gopala Krishna Theatre,13.03369,80.161111
3338,Sakthi nagar,13.032713,80.162922
3339,Moon Light,13.025036,80.176664
3340,Nandhambakkam,13.01677,80.18954
3341,Butt Road Kalyana Mandapam,13.011043,80.19569
3342,Saidapet,13.023234,80.227444
3343,Karapakkam,12.913289,80.229341
3344,Odai,12.88844,80.22725
3345,IGP,12.973769,80.250572
3346,Maduvinkarai,13.00419,80.21224
3347,IIT,13.006692,80.240341
3348,Tharamani Pillaiyar Koil/Periyar Nagar,12.981348,80.238572
3349,Thiru Nagar,13.0576,80.21136
3350,Koyambedu Busstand,13.06811,80.20547
3351,Thiru Nagar,13.057766,80.211598
3352,Dhandeeswaram,12.983326,80.22224
3353,Pallikkarani,12.93389,80.20395
3354,Pallikkaranai Oil Mill,12.92954,80.20283
3355,Pallikaranai,12.93396,80.20384
3356,Gandhi Road,12.98655,80.22292
3357,SRP Tools,12.978538,80.252309
3358,Ponniamman koil,12.884917,80.226794
3359,Kumaran Nagar,12.877933,80.22693
3360,Kazhipattur,12.81901,80.230516
3361,Padur,12.804429,80.224224
3362,Hindustan College,12.80106,80.22352
3363,Kelambakkam,12.786416,80.220347
3364,Padur,12.805557,80.224095
3365,Adyar Bus Stand,13.00667,80.2555
3366,T nagar,13.03409,80.23001
3367,Chepauk/Ezhilagam,13.06264,80.28314
3368,Thirumangalam,13.087306,80.197796
3369,St.Thomas mount post office,13.001548,80.196275
3370,UTI Bank Bus Stop,12.965905,80.188481
3371,Madipakkam koot road,12.968106,80.189507
3372,Parrys,13.08531,80.2848
3373,Balaji Nagar,12.953997,80.212267
3374,Balaji Dental Hospital,12.944388,80.208467
3375,Puliyamaram,12.920407,80.196593
3376,Pallikkaranai Oil Mill,12.929229,80.20266
3377,Narayanapuram,12.939834,80.205439
3378,Balaji Dental Hospital,12.944361,80.208319
3379,Balaji Nagar,12.953549,80.211839
3380,Velachery Railway Station,12.970953,80.218811
3381,Vijaya Nagar Bus Stand,12.975873,80.220999
3382,Baby Nagar/Balaji Nagar,12.981672,80.230423
3383,Jayanthi Theatre Signal,12.987713,80.256035
3384,Baby Nagar,12.980545,80.229067
3385,Gandhi Nagar/Madhya Kailash,13.006892,80.249581
3386,Narayanasamy Thottam,13.020148,80.262569
3387,Mandhaveli Market,13.029725,80.266642
3388,Mandaveli Bus stand,13.025321,80.265388
3389,Madhya Kailash/CLRI,13.006605,80.246591
3390,C.I.T Nagar,13.03037,80.230641
3391,Chellammal College/SPIC,13.011673,80.219807
3392,Chellammal College/SPIC,13.012212,80.220434
3393,Little Mount/Saidapet Court/Chinnamalai,13.015294,80.224711
3394,C.I.T Nagar,13.02841,80.230854
3395,T. Nagar Bus Terminus,13.033959,80.230406
3396,Saidapet,13.022406,80.226773
3397,Kathipara/Jothi Theatre,13.007304,80.201539
3398,Butt Road,13.007279,80.196958
3399,Jayanthi Theatre,13.014312,80.193346
3400,Porur,13.035453,80.154279
3401,Iyyappanthangal Depot,13.038195,80.1352
3402,Ramachandra Hospital/SRMC,13.036964,80.141731
3403,Jayanthi Theatre,13.014438,80.193487
3404,Ambattur Estate,13.099641,80.169996
3405,taylors road,13.076744,80.238836
3406,Kalpana Hotel,13.103229,80.207683
3407,Kallukadai,13.101761,80.211685
3408,I.C.F,13.101258,80.213202
3409,Joint Office,13.099655,80.229921
3410,Kelleys,13.085701,80.246666
3411,Broadway Terminus,13.088298,80.283604
3412,Chennai Central/Government Hospital,13.081813,80.276867
3413,LIC,13.065774,80.26781
3414,Mylapore Tank,13.033019,80.267756
3415,Simpson/P.Orr Sons,13.070893,80.273893
3416,Pallavan House/PTC,13.07531,80.276397
3417,SIET,13.0355,80.246066
3418,Mettupalayam,13.032111,80.220009
3419,Srinivasa,13.031119,80.223744
3420,Kumaran Nagar,13.029201,80.224215
3421,Nandanam Housing Board,13.029611,80.237099
3422,Nesapakkam,13.038587,80.192784
3423,Tata Udipi,13.036754,80.198443
3424,MGR Nagar Market,13.036289,80.201583
3425,Saidapet,13.024309,80.228277
3426,Anna University,13.008041,80.23342
3427,MadhyaKailash/Gandhi Nagar,13.006696,80.249531
3428,Vannandurai,12.996137,80.262838
3429,Adayar Signal,13.006689,80.25382
3430,Raghavan Colony Park,13.030499,80.216848
3431,ESI Hospital,13.035482,80.208326
3432,Kk Nagar,13.035947,80.205273
3433,MGR Nagar,13.036403,80.202076
3434,Nesapakkam,13.038703,80.192906
3435,Kamaraj Salai/Nagathamman Koil,13.044162,80.208882
3436,Adayar Bus Stand,13.001756,80.256561
3437,Adyar Signal/Malar Hospital,13.007145,80.258841
3438,Besant Nagar,13.000314,80.265709
3439,Chemman Cheri,12.861155,80.227188
3440,Chemmanchery S.C.B.,12.874689,80.209732
3441,Concorde,13.010411,80.222847
3442,Guindy TVK Estate,13.009764,80.211128
3443,Gurunanak College,12.990388,80.220503
3444,Hindustan Engg College,12.801308,80.223732
3445,I.C.F,13.100378,80.215012
3446,Kamabar Arangam,13.0992,80.219767
3447,Kilpauk Garden,13.083758,80.233512
3448,Koman Nagar Road Junction,12.744287,80.200479
3449,Korattur,13.111503,80.184215
3450,Kumunanchavadi,13.045089,80.115921
3451,TVS Lucas,13.101288,80.189689
3452,Mootakaran Chavadi,12.929949,80.231094
3453,N.G.O.Colony,12.994783,80.20654
3454,Palavasthic Chemicals,12.816585,80.229683
3455,St Thomas Mount R.S,12.994658,80.200231
3456,Thorappakkam Tea Shop,12.952012,80.242241
3457,Vandaloor Gate,12.892971,80.086472
3458,Vanuvampet,12.981692,80.195758
3459,Santhosapuram,12.919733,80.171167
3460,Ashok Pillar/Udhayam Theater,13.034111,80.21214
3461,Nallalaghu Nadar Polytechnic College,13.178702,80.194548
3462,Purasaiwalkam Tank,13.083888,80.254631
3463,All India Radio Bus Stop/Light House,13.039021,80.278671
3464,Santhome Church,13.03121,80.27753
3465,Music_College,13.018914,80.263148
3466,Chepauk/Ezhilagam,13.063152,80.283166
3467,Rajaji Bhavan,13.003147,80.268658
3468,Whites Road/Express Avenue/ TVS,13.0604,80.26548
3469,Avvai House,13.007407,80.261635
3470,Cement Road,12.996203,80.189299
3471,St.Thomas mount post office,13.001754,80.196173
3472,Vidhyodaya School,13.050829,80.240341
3473,Vandaloor Gate,12.89351,80.08641
3474,Perungalathur,12.906183,80.095984
3475,Kalaimagal Nagar,13.024735,80.206788
3476,Mint New/Vallalar Nagar/Thanga Salai,13.1045,80.27586
3477,D.M.S,13.046934,80.248627
3478,S.I.E.T college,13.035355,80.246172
3479,Guru Nanak College,12.99062,80.220199
3480,Moolakadai,13.1292,80.240765
3481,Thamaraipakkam Sivsn Koil,13.02538,80.22974
3482,dams Road,13.066966,80.268524
3483,Pudhupettai Market,13.070285,80.265819
3484,Medavakkam Tank,13.08828,80.241908
3485,Jothi Theatre/Kathipara,13.007317,80.201711
3486,Kalpana ,13.138993,80.227502
3487,NGO Colony Depot,12.994615,80.206586
3488,Pattu Road Junction,13.026989,80.110643
3489,Mangadu Koil,13.03178,80.11108
3490,Mugalivakkam,13.029415,80.168824
3491,Vadapalani Temple/Vadapalani,13.049688,80.212144
3492,Otteri TB Hospital,13.09703,80.245182
3493,Kalaimagal Nagar,13.02429,80.20694
3494,Nallalaghu Nadar Polytechnic College,13.178088,80.195119
3495,Pallavaram Bus Stand,12.969269,80.150188
3496,M.M.D.A Bus Stop,13.062929,80.21152
3497,Erukancherry Toll Gate,13.122114,80.251128
3498,Bharathi Nagar,13.123001,80.25949
3499,Bharathi Nagar/MKB Nagar,13.122922,80.259661
3500,Perungalathur,12.905657,80.096009
3501,Vandaloor Zoo,12.880858,80.080972
3502,Sidco,13.10323,80.19923
3503,Thuraipakkam Tea Stall/Shivaram,12.951766,80.241718
3504,Jain College,12.946613,80.239839
3505,Karapakkam Bus Stop,12.913905,80.229413
3506,Dollar ,12.90607,80.22831
3507,Sholinganallur,12.899351,80.227919
3508,Navallur ,12.844926,80.22666
3509,SIPCOT,12.832617,80.229101
3510,Hindustan College,12.801036,80.223788
3511,Kelambakkam,12.786276,80.220435
3512,Chengammal/PSB College,12.770775,80.213192
3513,Vyasarapadi Market/Pillar,13.114484,80.265676
3514,Thiruporur Murugan Temple,12.725305,80.188154
3515,Cycle Shop,13.153057,80.20869
3516,Erukancherry Toll Gate,13.122024,80.250895
3517,SIPCOT,12.830953,80.229335
3518,AGS ,12.85001,80.226463
3519,Okkiyampettai,12.92575,80.230811
3520,Periyamet Bus Stop,13.084268,80.270375
3521,Golden Flats Bus Stop,13.088254,80.17844
3522,Little Mount/Saidapet Court/Chinnamalai,13.013898,80.22657
3523,Kannigapuram,13.004494,80.220235
3524,Gandhi Road,12.98772,80.22311
3525,Kaiveli,12.963705,80.216174
3526,Red Hills Depot,13.192905,80.184347
3527,Medavakkam New Bus Stop,12.917219,80.191525
3528,Medavakkam Koot Road,12.919909,80.182628
3529,Tambaram East,12.92355,80.11668
3530,Erukancherry,13.12379,80.24792
3531,Tambaram East,12.923362,80.121836
3532,Medavakkam Bus Stop,12.917165,80.193141
3533,Halda,13.010985,80.222862
3534,Collector Nagar/MM Hospital,13.087667,80.189085
3535,Sathyabama ,12.87281,80.22654
3536,Dollar,12.907452,80.228231
3537,Ayanavaram ESI,13.097412,80.242783
3538,Mint New/Vallalar Nagar,13.104198,80.275905
3539,Tambaram Depot,12.9256,80.11722
3540,Anand/Sathyam Theatre,13.056438,80.257151
3541,Nandhanam Post Office/Military Quarters,13.031786,80.241015
3542,Sterling Road,13.064227,80.24352
3543,Kannammapettai,13.030366,80.228137
3544,Moolakadai Bypass Bus Stand,13.144367,80.219529
3545,Pillaiyar Koil/Sivan Park,13.04074,80.20514
3546,Puzhudhivakkam/Kumaran Theatre Bus Stop,12.972168,80.191325
3547,Vanuvampet,12.981113,80.195355
3548,Jayalakshmi Theatre,12.991821,80.198618
3549,Music_College,13.01915,80.26404
3550,Santhome_High_road/ Santhome_Employement_Office,13.02996,80.276748
3551,Thillaiganga Nagar,12.99127,80.19456
3552,Thillaiganga Nagar,12.99115,80.19453
3553,Vannankulam,13.04288,80.12353
3554,Iyappanthangal/Ambedkar Silai,13.03741,80.13865
3555,Gowrivakkam,12.920951,80.167331
3556,Mahalakshmi nagar,12.922695,80.146978
3557,Guduvanchery Bus Terminus,12.84548,80.061448
3558,Guduvanchery Bus Terminus,12.845288,80.060994
3559,Guduvanchery Electricity Board,12.851341,80.065607
3560,Urapakkam School,12.868251,80.075748
3561,Mahalakshmi Nagar Junction Bus Stop,12.922562,80.147442
3562,Sembakkam,12.92337,80.16023
3563,Medavakkam Koot Road ,12.92024,80.18337
3564,Vadapalani BS,13.04928,80.2068
3565,All_India_Radio_Bus_Stop,13.0391,80.27894
3566,Adyar Signal,13.00648,80.25394
3567,Gowrivakkam,12.92084,80.16808
3568,Vijayanagaram Bus Stand,12.91847,80.17674
3569,Santhome High School,13.032549,80.277371
3570,Pillaiyar Koil,13.0412,80.20515
3571,Vadapalani Signal/100 Feet Road,13.049779,80.211695
3572,BHEL Nagar,12.924795,80.182698
3573,Vellakal Bus Stop,12.931413,80.181479
3574,Kovilambakkam Bus Stop,12.938958,80.182345
3575,Veeramani Nagar,12.944788,80.182938
3576,Echankadu,12.94686,80.18401
3577,Ganesh Nagar ,12.961354,80.18724
3578,Puzhudhivakkam/Kumaran Theatre Bus Stop,12.972684,80.191455
3579,Surendara Nagar,12.986796,80.197302
3580,Guindy Race Course/Guindy Railway Station Bus Stop,13.008179,80.213317
3581,St Thomas Mount,12.994598,80.200311
3582,Surendara Nagar,12.986397,80.197334
3583,Oil Mill,12.977725,80.193849
3584,Echankadu,12.946489,80.183843
3585,Veeramani Nagar,12.944606,80.183067
3586,Kovilambakkam Bus Stop,12.93956,80.182636
3587,Vellakal Bus Stop,12.930914,80.181585
3588,BHEL Nagar,12.924209,80.182892
3589,UTI Bank Bus Stop,12.966024,80.188634
3590,Sadasivam Nagar,12.965621,80.204587
3591,Kannigapuram,13.004738,80.220194
3592,Guindy Estate Bus Terminus,13.009722,80.211227
3593,Ashok Pillar/Udhayam Theater,13.035043,80.21113
3594,Mullai Nagar,13.12269,80.26575
3595,Simpson/P.Orr & Sons,13.07067,80.27423
3596,Vanavil/Anna Arivalayam,13.041556,80.247512
3597,Kottur,13.01855,80.24126
3598,War_Memorial,13.07468,80.28623
3599,Adayar Gate,13.028948,80.249139
3600,Errikarai,12.98713,80.2183
3601,Murugan Kalyana Mandabam,12.984042,80.217986
3602,Murugan Kalyana Mandabam,12.983712,80.217769
3603,Housing Board Water Tank,12.991768,80.212653
3604,Britto School,12.99371,80.21008
3605,Krishna Sweets,12.99718,80.21046
3606,Mettupalayam,12.998468,80.207425
3607,Pattur Bus Stop,13.023196,80.1185
3608,Chetti Theru,13.04139,80.1145
3609,Retteri/Chettiyar Agaram,13.0363,80.14624
3610,Check Post,12.997392,80.216188
3611,Maduvinkarai,13.003662,80.211937
3612,City Centre/Kalyani Hospital,13.043722,80.272391
3613,Golden Flats,13.08828,80.178894
3614,Wavin Bus Stop,13.088657,80.171542
3615,Lattice Bridge,12.98619,80.25552
3616,Infosys/Aavin,12.893152,80.227535
3617,Infosys/Aavin,12.893523,80.227407
3618,Adyar Signal/Adyar Aavin/Malar Hospital,13.007483,80.258342
3619,RBI,13.082862,80.289028
3620,Avvai Home,13.007463,80.261472
3621,LIC,13.062794,80.263678
3622,Vasanthi,13.093371,80.258968
3623,Samiyar Madam,13.179195,80.194215
3624,Redhills Market,13.189359,80.187542
3625,Kelleys,13.085824,80.246734
3626,Medavakkam Koot Road Bus Stop,12.920695,80.185302
3627,CLRI/IIT Madras,13.006883,80.240639
3628,Muttukkaranchavadi,12.930504,80.231753
3629,Adyar Telephone Exchange Bus Stop,13.000581,80.256484
3630,Urapakkam Tea Kadai Bus Stop,12.862166,80.073404
3631,Vandalur Zoo Bus Stand,12.880288,80.080472
3632,Sholinganallaur,12.9031,80.227892
3633,Iyyappanthangal Bus Stop,13.039084,80.132443
3634,Navallur Church,12.821599,80.23063
3635,Mangadu Bus Stand,13.031438,80.111092
3636,Poo Colony,12.810274,80.227836
3637,Wavin,13.088513,80.172038
3638,Asarkana/Kathipara/Guindy Circle,13.003769,80.200792
3639,Velachery Railway Station,12.970733,80.21897
3640,High Court Bus Terminus,13.085613,80.285091
3641,Bharathi Nagar,12.981122,80.234463
3642,Baby Nagar,12.980611,80.229319
3643,Vijaya Nagar Bus Stand,12.975613,80.221041
3644,Tidel Park,12.987821,80.251712
3645,SRP Tools,12.97873,80.252629
3646,Kandanchavadi,12.965151,80.24738
3647,Tidel Park,12.988023,80.25187
3648,Devanathan Street,13.028149,80.263691
3649,Kaiveli,12.963669,80.21543
3650,Madipakkam Koot Road,12.965869,80.188868
3651,Kilkatalai Depot,12.956132,80.186786
3652,Madipakkam Koot Road,12.968297,80.189496
3653,Dhandeeswaram,12.983035,80.221958
3654,Sathyabama,12.872123,80.22677
3655,Semmanchery Alamaram,12.859812,80.226491
3656,Thirumanglam 2,13.084393,80.198643
3657,Gurunanak College,12.991105,80.219511
3658,Erikarai,12.987278,80.218207
3659,Guru Nanak College,12.991289,80.219312
3660,Vadapalani Bus Stop,13.048887,80.206812
3661,Halda,13.010932,80.223067
3662,IGP,12.974338,80.25043
3663,Check Post,12.997686,80.215998
3664,Vijay Nagar,12.977206,80.222642
3665,Narayanapuram,12.939643,80.205605
3666,Vannandurai,12.996278,80.262441
3667,Besant Nagar Depot,13.001126,80.26729
3668,Queen_Marys_College,13.045717,80.280036
3669,secretariat,13.080559,80.288201
3670,DLF/L&T,13.023811,80.178431
3671,Adyar Depot,12.996827,80.255645
3672,Indira Nagar Water Tank,12.994577,80.252523
3673,Porur,13.034636,80.156368
3674,Guindy Terminus,13.009291,80.211252
3675,Kotturpuram,13.021764,80.242313
3676,Oil Mill,12.978153,80.193832
3677,Villivakkam/Kalpana,13.102759,80.208619
3678,Nathamuni,13.103654,80.202767
3679,ESI,13.093706,80.241134
3680,Egmore Railway Station,13.077257,80.261051
3681,Medavakkam Tank,13.087652,80.243606
3682,Mettupalayam,13.032171,80.21988
3683,Kk Nagar Depot,13.035624,80.20609
3684,War_Memorial,13.074369,80.286192
3685,Vanavil/Anna Arivalayam,13.040751,80.247065
3686,Pattalam,13.096745,80.259201
3687,Gandhi nagar,13.0069,80.25028
3688,Saidapet,13.023344,80.227667
3689,Maduvinkarai,13.003956,80.21194
3690,Old Mint,13.106448,80.279954
3691,Saidapet,13.023234,80.227444
3692,Mettupalayam,12.998561,80.207346
3693,PTC Quarters,12.935665,80.234156
3694,Sivan Koil,12.933014,80.236143
3695,Kannagi Nagar Market,12.928464,80.238895
3696,Sivan Koil,12.932959,80.236227
3697,UTI Bank,12.964935,80.188214
3698,Kaliappa/Billroth/R.A.Puram,13.027075,80.256151
3699,Parrys_Corner,13.08836,80.290065
3700,CLS Post Office,13.083026,80.278858
3701,Central/Moore Market,13.082137,80.275592
3702,Broadway Terminus,13.086674,80.283597
3703,Thirisulam/Airport,12.979434,80.16232
3704,Urapakkam School,12.865798,80.075032
3705,Urapakkam Tea Kadai,12.861996,80.073506
3706,Guduvanchery Electricity Board,12.850806,80.065477
3707,Guindy/MKN Road,13.00923,80.210866
3708,Santhome High Road,13.030993,80.277428
3709,Vadapalani 100 Feet Road,13.047,80.212036
3710,Matha Koil,13.111471,80.265523
3711,Mullai Nagar,13.122278,80.265821
3712,Jayalakshmi Theatre,12.99122,80.198565
3713,Kalpana,13.138921,80.22784
3714,Kalavakkam,12.741619,80.197187
3715,Kannagi Nagar Market,12.928486,80.238771
3716,Kannagi Nagar,12.931302,80.238473
3717,PTC Quarters,12.935678,80.233967
3718,Kandanchavadi,12.96617,80.247577
3719,Ramalinga swamy,13.109032,80.267099
3720,ACP,13.141958,80.223529
3721,ACP,13.141913,80.223756
3722,Erukkancherry,13.123971,80.247888
3723,Ambedkar College,13.118484,80.259302
3724,Vyasarapadi Market,13.115649,80.265757
3725,Pillar/Vyasarpadi Market,13.114316,80.265778
3726,Maduvinkarai,13.003956,80.21194
3727,Vepery,13.085368,80.262829
3728,Electricity Board/Post Office,13.105542,80.186282
3729,ESI,13.107893,80.186199
3730,Bhakthavatchalam College,13.108078,80.183645
3731,Infant Jesus Church,13.108549,80.180245
3732,Erikarai,13.110266,80.180381
3733,Korattur,13.111527,80.184346
3734,Erikarai,13.110309,80.180549
3735,Infant Jesus Church,13.108571,80.180281
3736,Bhakthavatchalam College,13.108207,80.183643
3737,ESI,13.108018,80.186276
3738,Electricity Board/Post Office,13.105962,80.186496
3739,UCO Bank,13.103909,80.186373
3740,Padi Edatheru,13.10002,80.186694
3741,Velachery,12.975957,80.220146
3004,Jaynathi bus stop on LB  towards ADYAR,12.987947,80.255745
3005,Muthu pharmacy stop on LB  after Jayanthi towards KEL,12.987182,80.255722
3000,Tidel park to ECR turning,12.98806,80.251846
3029,On LB road towards Kelambakam from Adyar,12.996715,80.255908
3030,On LB road towards Saidapet from Adyar Depot,12.997863,80.255884
3031,Sipcot IT park - first stop of 1103,12.82592,80.217239
3032,Sipcot IT park - second stop of 1103,12.8318,80.229111
3033,"Thiruvanmiyur Terminus
",12.987319,80.259135
3742,Ennore,13.2118,80.3204
3743,"Ennore Foundary
",13.21201,80.31865
3744,"Leyland
",13.21024,80.31672
3745,"Leyland PO
",13.20695,80.31542
3746,"ETP camp 1
",13.19614,80.3119
3747,"ETP camp 2
",13.18831,80.3085
3748,"Ernavur
",13.18628,80.30757
3749,"Gandhi nagar
",13.1862,80.3035
3750,"Murugan koil
",13.1865,80.305
3751,"Mullai nagar
",13.18536,80.31069
3752,"Lift gate
",13.18497,80.31135
3753,"ITC
",13.17991,80.3075
3754,"Wimco
",13.17889,80.30556
3755,"Ajex
",13.17299,80.30428
3756,"Periyar nagar
",13.16781,80.3035
3757,"TVT market
",13.16374,80.30252
3758,"Theradi
",13.16012,80.30146
3759,"Ellayamman koil
",13.15656,80.30087
3760,"Kaladipet
",13.15386,80.29982
3761,"Rajakadai
",13.15134,80.29837
3762,"Thangal
",13.14788,80.2972
3763,"Tollgate
",13.14429,80.28472
3764,"Nahoorar thottam
",13.14788,80
3765,"Kasimedu
",13.1347,80
3766,"Royapuram PS
",13.12562,80
3767,"Royapuram Market
",13.11556,80
3768,"Clay battery
",13.10864,80
3769,"Beach station
",13.10012,80
3770,"Parrys_corner
",13.09463,80
3771,"Parrys 
",13.08523,80
3772,"Central
",13.08513,80
3773,"MTC
",13.08182,80
3774,"Porr&sons
",13.07512,80
4043,PONNIAMMAN_KOIL,12.886138,80.226806
4042,KUMARAN_NAGAR,12.877518,80.226742
4041,SATHYABAM_UNIVERSITY,12.87106,80.226488
4040,SEMMENCHERY,12.861583,80.226458
4039,NAVALUR,12.844744,80.226504
4038,EGATTUR,12.837108,80.228172
4037,SIRUSERI,12.833147,80.228796
4036,VANIYAMCHAVADI,12.826298,80.231276
4034,POO_COMPANY,12.809799,80.227448
4035,KAZHIPATTUR,12.819696,80.230385
4033,HINDUSTAN_COLLEGE,12.801506,80.223545
4032,KELAMBAKKAM,12.786396,80.220312
4065,Mandaveli_Terminus,13.026682,80.265724
4031,KELAMBAKKAM,12.786357,80.221931
4030,HINDUSTAN_COLLEGE,12.801012,80.22363
4029,POO_COMPANY,12.81099,80.228124
4028,KAZHIPATTUR,12.81901,80.230531
4027,VANIYAMCHAVADI,12.825992,80.231447
4024,NAVALUR,12.84493,80.226769
4025,EGATTUR,12.836745,80.228448
4026,SIRUSERI,12.832681,80.229115
4023,SEMMANCHERY,12.85971,80.226528
4022,SATHYABAMA_UNIVERSITY,12.87207,80.226777
4020,PONNIAMMAN,12.885759,80.226951
4021,KUMARAN_NAGAR,12.877922,80.226957
4019,AAVIN,12.89352,80.22764
4018,SHOZHINGANALLUR,12.898795,80.22792
4017,ACCENTURE,12.906031,80.228347
4016,KARAPAKKAM,12.913367,80.229376
4015,TCS_KARAPAKKAM,12.919613,80.230232
4014,OKKIYAMPET,12.925828,80.231061
4013,PTC_QUARTRES,12.934222,80.23321
4012,METTUKUPPAM,12.93919,80.235615
4010,THURAIPAKKAM,12.951706,80.241742
4011,JAIN_COLL,12.946553,80.239864
4009,PERUNGUDI,12.959519,80.244946
4007,IGP,12.972633,80.250207
4006,SRP_TOOLS,12.978618,80.252599
4005,TIDEL_PARK,12.991302,80.250621
4004,MADHYA_KAILASH,13.006232,80.247461
4003,CLRI,13.006869,80.240674
4001,LITTLE_MOUNT,13.014339,80.226308
4002,ANNA_UNIVERSITY,13.008192,80.233775
4000,SAIDAPET  ,13.021571,80.226036
4008,KANDANCHAVADI,12.965094,80.247394
4044,AAVIN,12.894458,80.227491
4045,SHOLINGANALLUR,12.903181,80.227945
4046,ACCENTURE,12.907473,80.22828
4047,KARAPAKKAM,12.913535,80.229182
4048,TCS_KARAPAKKAM,12.919788,80.230027
4049,OKKIYAMPETTAI,12.925761,80.230829
4050,PTC_QUATRES,12.932923,80.23238
4051,METTUKUPPAM,12.939101,80.235254
4052,JAIN_COLL,12.94653,80.239589
4053,SEEVARAM,12.951035,80.241244
4054,PERUNGUDI,12.958841,80.244288
4055,KANDANCHAVADI ,12.966938,80.247971
4056,IGP,12.974354,80.250501
4057,SRP_TOOLS,12.978472,80.252254
4058,TIDEL_PARK,12.989393,80.250896
4059,VHS,13.003507,80.247433
4060,MADHYA_KAILASH,13.006582,80.246162
4061,GANDHI_MANDABAM,13.00741,80.236843
4062,LITTLE_MOUNT,13.015541,80.224999
4063,SAIDAPET_ARCH,13.019135,80.22427
4064,SAIDAPET_BUS_STOP,13.022131,80.226231
4066,Mandhaveli_Bus_Stand/CID_Quarters,13.026527,80.263842
4067,Siringeri_Madam,13.027022,80.259054
4068,Kaliappa/Billroth/R.A_Puram,13.027075,80.256151
4069,Adayar_Gate/Park_Sheraton,13.028948,80.249139
4070,Kotturpuram,13.021764,80.242313
4071,Kottur,13.01855,80.24126
4072,Gandhi_Mandapam/Anna University,13.007388,80.236858
4073,Guindy_RS_BusStop,13.008179,80.213317
4074,Guindy/MKN_Road,13.007289,80.209773
4075,Asarkana/Kathipara/Guindy_Circle,13.003671,80.201072
4076,Thirisulam/Airport,12.979434,80.16232
4077,Pallavaram_Bus_Stand,12.969269,80.150188
4078,Chrompet,12.951758,80.140693
4079,Tambaram_Mepz/Sanatorium,12.937008,80.128093
4080,Tambaram_West,12.928088,80.119034
4081,Tambaram_Mepz/Sanatorium,12.936701,80.127436
4082,Chrompet,12.951091,80.139741
4083,Pallavaram_Bus_Stand,12.968621,80.149611
4084,Tirusulam/Airport,12.980011,80.162639
4085,Asarkana/Kathipara/Guindy_Circle,13.003769,80.200792
4086,Guindy_Terminus,13.009291,80.211252
4087,Anna_University/Gandhi_Mandabam,13.008251,80.2334
4088,IIT/CLRI,13.007365,80.240182
4089,Kottur/Anna_Library,13.018676,80.241195
4090,Kotturpuram,13.0233,80.24269
4091,Adyar_Gate/Park_Sheraton,13.029097,80.249161
4092,Kaliappa_Hospital/Billroth/R.A_Puram,13.02717,80.25433
4093,Siringeri_Madam,13.027022,80.259054
4094,Mandaveli_Market/Post_Office,13.02935,80.265687
4160,Tambaram_West,12.926966,80.11798
4159,Irumbuliyur,12.91724,80.10745
4158,Erikarai,12.909051,80.098383
4157,Perungalathur,12.906183,80.095984
4156,Iraniamman_koil,12.897431,80.089383
4155,Vandaloor_Gate,12.89351,80.08641
4154,Vandalur_Zoo ,12.880288,80.080472
4153,Urapakkam_School,12.868251,80.075748
4152,Urapakkam_Tea_ Kadai,12.862166,80.073404
4151,Guduvanchery_EB,12.851341,80.065607
4150,Guduvanchery,12.845288,80.060994
4149,Srinivasapuram,12.8403,80.05569
4148,Thailavaram,12.83087,80.045908
4147,VPT/Valliammai/SRM,12.826999,80.041703
4146,SRM_Potheri,12.820195,80.036704
4145,Sivanandha_Gurukulam,12.814611,80.032767
4144,Kattankulathur,12.809058,80.02917
4143,Maraimalai_Nagar,12.799837,80.023155
4142,Peramanur,12.79488,80.01985
4141,Tansi,12.790542,80.017038
4140,Ford,12.78709,80.01505
4139,Kilekarni,12.77686,80.01012
4138,Malrosapuram,12.7707,80.00738
4137,Singaperumal_Kovil,12.760952,80.003396
4136,Thirutheri,12.754956,80.001041
4135,Sathya_nagar,12.75013,79.99783
4134,Mahindra_City,12.74387,79.99268
4133,Paranur_RTO,12.73791,79.98805
4132,Rajakulipettai,12.71653,79.98061
4131,Pulipakkam,12.711528,79.978754
4130,Chengalpattu_Bypass,12.699907,79.968312
4129,Old_Chengalpet,12.696929,79.976735
4128,New_Chengalpet,12.691175,79.980791
4127,New_Chengalpet,12.691175,79.980791
4126,Old_Chengalpet,12.697015,79.976733
4125,Chengalpattu_Bypass,12.699921,79.968633
4124,Pulipakkam,12.711506,79.978922
4123,Rajakulipettai,12.717467,79.981123
4122,Paranur_RTO,12.73812,79.98859
4121,Mahindra_City,12.743226,79.992812
4120,Sathya_nagar,12.7498,79.99774
4119,Thirutheri,12.75583,80.00191
4118,Singa_Perumal_Kovil,12.76102,80.00363
4117,Malrosapuram,12.77034,80.00755
4116,Kilekarni,12.776962,80.010642
4115,Ford,12.78717,80.01541
4114,Tansi,12.78936,80.01679
4113,Peramanur/Saamiyar_Gate,12.794314,80.019874
4112,Maraimalai_Nagar,12.799597,80.023356
4111,Kattankulathur,12.808806,80.029261
4110,Sivanandha_Gurukulam,12.814616,80.033016
4109,SRM_Potheri,12.81978,80.03666
4108,VPT/Valliammai/SRM,12.826044,80.041139
4107,Thailavaram,12.830435,80.045687
4106,Srinivasapuram,12.83978,80.055552
4105,Guduvanchery,12.84548,80.061448
4104,Guduvanchery_EB,12.850806,80.065477
4103,Urapakkam_Tea_Kadai,12.861996,80.073506
4102,Urapakkam_School,12.865798,80.075032
4101,Vandaloor_Zoo,12.880858,80.080972
4100,Vandaloor_Gate,12.892971,80.086472
4099,Iraniamma_ Koil,12.89711,80.08939
4098,Perungalathur,12.905657,80.096009
4097,Erikarai,12.90874,80.098609
4096,Irumbuliyur,12.916638,80.106802
4095,Tambaram_Depot,12.9256,80.11722
